{
    "rows": 13,
    "rf_accuracy": 0.6666666666666666,
    "lr_accuracy": 0.3333333333333333,
    "nn_accuracy": 0.3333333333333333
}